{
  "Component.js.map": 1742034986782,
  "model/models.js": 1740986369438,
  "model/configurations.json": 1741865050115,
  "controller/Main.controller.js": 1742034865704,
  "controller/App.controller.js": 1740986369438,
  "manifest.json": 1742034986557,
  "Component.js": 1740986369438,
  "model/models-dbg.js": 1740986369438,
  "model/models.js.map": 1742034986796,
  "controller/Main-dbg.controller.js": 1742034865704,
  "controller/Main.controller.js.map": 1742034986836,
  "controller/App-dbg.controller.js": 1740986369438,
  "controller/App.controller.js.map": 1742034986796,
  "Component-dbg.js": 1740986369438,
  "i18n/i18n.properties": 1740986369438,
  "Component-preload.js": 1742034986955,
  "Component-preload.js.map": 1742034986955,
  "view/Main.view.xml": 1742031686959,
  "view/App.view.xml": 1740986369438,
  "css/style.css": 1740986369438,
  "index.html": 1740986369438
}