{
  "css/style.css": 1740986369438,
  "model/models.js": 1740986369438,
  "model/configurations.json": 1741006385016,
  "controller/Main.controller.js": 1741012876402,
  "controller/App.controller.js": 1740986369438,
  "manifest.json": 1741012903484,
  "Component.js": 1740986369438,
  "controller/Main-dbg.controller.js": 1741012876402,
  "controller/Main.controller.js.map": 1741012903723,
  "model/models-dbg.js": 1740986369438,
  "model/models.js.map": 1741012903674,
  "controller/App-dbg.controller.js": 1740986369438,
  "controller/App.controller.js.map": 1741012903663,
  "Component-dbg.js": 1740986369438,
  "Component.js.map": 1741012903689,
  "Component-preload.js": 1741012903860,
  "Component-preload.js.map": 1741012903860,
  "view/Main.view.xml": 1741005183101,
  "view/App.view.xml": 1740986369438,
  "i18n/i18n.properties": 1740986369438,
  "index.html": 1740986369438
}