{
  "model/models-dbg.js": 1740491030478,
  "manifest.json": 1740579151782,
  "model/configurations.json": 1740502810945,
  "controller/Main.controller.js": 1740579132851,
  "controller/App.controller.js": 1740491030478,
  "model/models.js": 1740491030478,
  "Component.js": 1740491030474,
  "controller/App-dbg.controller.js": 1740491030478,
  "controller/App.controller.js.map": 1740579151943,
  "controller/Main-dbg.controller.js": 1740579132851,
  "controller/Main.controller.js.map": 1740579151971,
  "i18n/i18n.properties": 1740496023604,
  "model/models.js.map": 1740579151949,
  "Component-dbg.js": 1740491030474,
  "Component.js.map": 1740579151947,
  "Component-preload.js": 1740579152050,
  "Component-preload.js.map": 1740579152050,
  "view/Main.view.xml": 1740578763468,
  "view/App.view.xml": 1740491030482,
  "css/style.css": 1740491030482,
  "index.html": 1740505346371
}