{
  "model/configurations.json": 1740502810945,
  "i18n/i18n.properties": 1740496023604,
  "model/models.js": 1740491030478,
  "controller/Main.controller.js": 1740640704301,
  "controller/App.controller.js": 1740491030478,
  "manifest.json": 1740650300092,
  "Component.js": 1740491030474,
  "controller/App-dbg.controller.js": 1740491030478,
  "controller/App.controller.js.map": 1740650300295,
  "controller/Main-dbg.controller.js": 1740640704301,
  "controller/Main.controller.js.map": 1740650300318,
  "model/models-dbg.js": 1740491030478,
  "model/models.js.map": 1740650300296,
  "Component-dbg.js": 1740491030474,
  "Component.js.map": 1740650300297,
  "Component-preload.js": 1740650300530,
  "Component-preload.js.map": 1740650300530,
  "view/Main.view.xml": 1740640667785,
  "view/App.view.xml": 1740491030482,
  "css/style.css": 1740491030482,
  "index.html": 1740505346371
}